Date,RPM,Speed,nGear,Throttle,Brake,DRS,Source,Time,SessionTime
2023-09-03 14:17:05.150,11288,316,8,99,False,8,car,0 days 00:00:00.245000,0 days 02:16:04.105000
2023-09-03 14:17:05.430,11379,317,8,99,False,8,car,0 days 00:00:00.525000,0 days 02:16:04.385000
2023-09-03 14:17:05.710,11443,320,8,99,False,8,car,0 days 00:00:00.805000,0 days 02:16:04.665000
2023-09-03 14:17:05.950,11475,322,8,99,False,8,car,0 days 00:00:01.045000,0 days 02:16:04.905000
2023-09-03 14:17:06.190,11544,324,8,99,False,14,car,0 days 00:00:01.285000,0 days 02:16:05.145000
2023-09-03 14:17:06.590,11688,327,8,99,False,12,car,0 days 00:00:01.685000,0 days 02:16:05.545000
2023-09-03 14:17:06.830,11730,328,8,99,False,12,car,0 days 00:00:01.925000,0 days 02:16:05.785000
2023-09-03 14:17:07.069,11794,331,8,99,False,12,car,0 days 00:00:02.164000,0 days 02:16:06.024000
2023-09-03 14:17:07.389,11845,334,8,99,False,12,car,0 days 00:00:02.484000,0 days 02:16:06.344000
2023-09-03 14:17:07.629,11881,335,8,99,False,12,car,0 days 00:00:02.724000,0 days 02:16:06.584000
2023-09-03 14:17:07.869,12000,336,8,99,False,12,car,0 days 00:00:02.964000,0 days 02:16:06.824000
2023-09-03 14:17:08.189,12000,337,8,99,False,12,car,0 days 00:00:03.284000,0 days 02:16:07.144000
2023-09-03 14:17:08.469,11992,338,8,99,False,12,car,0 days 00:00:03.564000,0 days 02:16:07.424000
2023-09-03 14:17:08.789,12061,339,8,99,False,12,car,0 days 00:00:03.884000,0 days 02:16:07.744000
2023-09-03 14:17:08.949,12061,339,8,99,False,12,car,0 days 00:00:04.044000,0 days 02:16:07.904000
2023-09-03 14:17:09.189,12053,339,8,99,False,12,car,0 days 00:00:04.284000,0 days 02:16:08.144000
2023-09-03 14:17:09.389,12053,340,8,99,False,12,car,0 days 00:00:04.484000,0 days 02:16:08.344000
2023-09-03 14:17:09.629,12057,340,8,99,False,12,car,0 days 00:00:04.724000,0 days 02:16:08.584000
2023-09-03 14:17:09.789,12062,340,8,99,False,12,car,0 days 00:00:04.884000,0 days 02:16:08.744000
2023-09-03 14:17:10.109,12042,339,8,99,False,12,car,0 days 00:00:05.204000,0 days 02:16:09.064000
2023-09-03 14:17:10.309,12065,339,8,99,False,12,car,0 days 00:00:05.404000,0 days 02:16:09.264000
2023-09-03 14:17:10.629,12062,339,8,99,False,12,car,0 days 00:00:05.724000,0 days 02:16:09.584000
2023-09-03 14:17:10.869,12088,340,8,99,False,12,car,0 days 00:00:05.964000,0 days 02:16:09.824000
2023-09-03 14:17:11.109,12020,338,8,99,False,12,car,0 days 00:00:06.204000,0 days 02:16:10.064000
2023-09-03 14:17:11.310,11988,338,8,99,False,12,car,0 days 00:00:06.405000,0 days 02:16:10.265000
2023-09-03 14:17:11.590,11921,336,8,99,False,12,car,0 days 00:00:06.685000,0 days 02:16:10.545000
2023-09-03 14:17:11.910,11910,335,8,99,False,12,car,0 days 00:00:07.005000,0 days 02:16:10.865000
2023-09-03 14:17:12.190,11852,334,8,99,False,12,car,0 days 00:00:07.285000,0 days 02:16:11.145000
2023-09-03 14:17:12.430,11803,333,8,99,False,12,car,0 days 00:00:07.525000,0 days 02:16:11.385000
2023-09-03 14:17:12.590,11803,333,8,99,False,12,car,0 days 00:00:07.685000,0 days 02:16:11.545000
2023-09-03 14:17:12.870,11207,329,8,3,False,0,car,0 days 00:00:07.965000,0 days 02:16:11.825000
2023-09-03 14:17:13.070,11326,324,8,0,True,0,car,0 days 00:00:08.165000,0 days 02:16:12.025000
2023-09-03 14:17:13.510,10251,290,8,0,True,0,car,0 days 00:00:08.605000,0 days 02:16:12.465000
2023-09-03 14:17:13.749,10719,265,7,0,True,0,car,0 days 00:00:08.844000,0 days 02:16:12.704000
2023-09-03 14:17:13.949,10062,251,7,0,True,0,car,0 days 00:00:09.044000,0 days 02:16:12.904000
2023-09-03 14:17:14.189,10916,216,6,0,True,0,car,0 days 00:00:09.284000,0 days 02:16:13.144000
2023-09-03 14:17:14.589,11048,163,4,0,True,0,car,0 days 00:00:09.684000,0 days 02:16:13.544000
2023-09-03 14:17:14.949,10497,133,3,0,True,0,car,0 days 00:00:10.044000,0 days 02:16:13.904000
2023-09-03 14:17:15.189,9846,117,2,0,True,0,car,0 days 00:00:10.284000,0 days 02:16:14.144000
2023-09-03 14:17:15.469,8405,103,2,0,True,0,car,0 days 00:00:10.564000,0 days 02:16:14.424000
2023-09-03 14:17:15.629,7676,98,2,0,True,0,car,0 days 00:00:10.724000,0 days 02:16:14.584000
2023-09-03 14:17:15.989,7115,86,2,0,True,0,car,0 days 00:00:11.084000,0 days 02:16:14.944000
2023-09-03 14:17:16.309,6577,79,2,0,True,0,car,0 days 00:00:11.404000,0 days 02:16:15.264000
2023-09-03 14:17:16.589,6170,73,2,0,False,0,car,0 days 00:00:11.684000,0 days 02:16:15.544000
2023-09-03 14:17:17.029,6286,67,2,6,False,0,car,0 days 00:00:12.124000,0 days 02:16:15.984000
2023-09-03 14:17:17.189,6270,68,2,21,False,0,car,0 days 00:00:12.284000,0 days 02:16:16.144000
2023-09-03 14:17:17.349,6256,69,2,31,False,0,car,0 days 00:00:12.444000,0 days 02:16:16.304000
2023-09-03 14:17:17.509,5399,70,2,0,False,0,car,0 days 00:00:12.604000,0 days 02:16:16.464000
2023-09-03 14:17:17.710,5632,69,2,0,False,0,car,0 days 00:00:12.805000,0 days 02:16:16.665000
2023-09-03 14:17:17.910,5693,67,2,0,False,0,car,0 days 00:00:13.005000,0 days 02:16:16.865000
2023-09-03 14:17:18.230,5319,64,2,0,False,0,car,0 days 00:00:13.325000,0 days 02:16:17.185000
2023-09-03 14:17:18.470,5199,61,2,7,False,0,car,0 days 00:00:13.565000,0 days 02:16:17.425000
2023-09-03 14:17:18.870,5707,61,2,22,False,0,car,0 days 00:00:13.965000,0 days 02:16:17.825000
2023-09-03 14:17:19.110,5863,63,2,30,False,0,car,0 days 00:00:14.205000,0 days 02:16:18.065000
2023-09-03 14:17:19.350,6193,67,2,39,False,0,car,0 days 00:00:14.445000,0 days 02:16:18.305000
2023-09-03 14:17:19.510,6585,70,2,47,False,0,car,0 days 00:00:14.605000,0 days 02:16:18.465000
2023-09-03 14:17:19.830,7540,78,2,53,False,0,car,0 days 00:00:14.925000,0 days 02:16:18.785000
2023-09-03 14:17:19.990,7849,83,2,56,False,0,car,0 days 00:00:15.085000,0 days 02:16:18.945000
2023-09-03 14:17:20.150,8063,87,2,58,False,0,car,0 days 00:00:15.245000,0 days 02:16:19.105000
2023-09-03 14:17:20.390,9536,97,2,65,False,0,car,0 days 00:00:15.485000,0 days 02:16:19.345000
2023-09-03 14:17:20.629,9647,104,2,70,False,0,car,0 days 00:00:15.724000,0 days 02:16:19.584000
2023-09-03 14:17:20.829,9363,108,2,72,False,0,car,0 days 00:00:15.924000,0 days 02:16:19.784000
2023-09-03 14:17:21.069,10470,123,3,78,False,0,car,0 days 00:00:16.164000,0 days 02:16:20.024000
2023-09-03 14:17:21.229,10890,127,3,78,False,0,car,0 days 00:00:16.324000,0 days 02:16:20.184000
2023-09-03 14:17:21.469,10831,134,3,77,False,0,car,0 days 00:00:16.564000,0 days 02:16:20.424000
2023-09-03 14:17:21.629,11089,141,4,82,False,0,car,0 days 00:00:16.724000,0 days 02:16:20.584000
2023-09-03 14:17:21.789,10438,149,4,86,False,0,car,0 days 00:00:16.884000,0 days 02:16:20.744000
2023-09-03 14:17:22.029,10712,158,4,88,False,0,car,0 days 00:00:17.124000,0 days 02:16:20.984000
2023-09-03 14:17:22.309,11374,171,4,99,False,0,car,0 days 00:00:17.404000,0 days 02:16:21.264000
2023-09-03 14:17:22.549,11678,180,4,99,False,0,car,0 days 00:00:17.644000,0 days 02:16:21.504000
2023-09-03 14:17:22.989,10873,200,5,100,False,0,car,0 days 00:00:18.084000,0 days 02:16:21.944000
2023-09-03 14:17:23.229,11413,204,5,100,False,0,car,0 days 00:00:18.324000,0 days 02:16:22.184000
2023-09-03 14:17:23.589,11679,216,5,100,False,0,car,0 days 00:00:18.684000,0 days 02:16:22.544000
2023-09-03 14:17:23.989,10801,232,5,100,False,0,car,0 days 00:00:19.084000,0 days 02:16:22.944000
2023-09-03 14:17:24.310,11162,240,6,100,False,0,car,0 days 00:00:19.405000,0 days 02:16:23.265000
2023-09-03 14:17:24.630,11471,246,6,100,False,0,car,0 days 00:00:19.725000,0 days 02:16:23.585000
2023-09-03 14:17:24.950,11625,254,6,100,False,0,car,0 days 00:00:20.045000,0 days 02:16:23.905000
2023-09-03 14:17:25.110,11711,257,6,100,False,0,car,0 days 00:00:20.205000,0 days 02:16:24.065000
2023-09-03 14:17:25.430,10728,263,7,100,False,0,car,0 days 00:00:20.525000,0 days 02:16:24.385000
2023-09-03 14:17:25.830,10981,271,7,100,False,0,car,0 days 00:00:20.925000,0 days 02:16:24.785000
2023-09-03 14:17:26.110,11201,276,7,100,False,0,car,0 days 00:00:21.205000,0 days 02:16:25.065000
2023-09-03 14:17:26.390,11362,280,7,100,False,0,car,0 days 00:00:21.485000,0 days 02:16:25.345000
2023-09-03 14:17:26.630,11440,282,7,100,False,0,car,0 days 00:00:21.725000,0 days 02:16:25.585000
2023-09-03 14:17:27.110,11667,290,7,100,False,0,car,0 days 00:00:22.205000,0 days 02:16:26.065000
2023-09-03 14:17:27.509,10578,293,7,100,False,0,car,0 days 00:00:22.604000,0 days 02:16:26.464000
2023-09-03 14:17:27.949,10667,297,8,100,False,0,car,0 days 00:00:23.044000,0 days 02:16:26.904000
2023-09-03 14:17:28.109,10698,298,8,100,False,0,car,0 days 00:00:23.204000,0 days 02:16:27.064000
2023-09-03 14:17:28.309,10736,301,8,100,False,0,car,0 days 00:00:23.404000,0 days 02:16:27.264000
2023-09-03 14:17:28.549,10820,302,8,100,False,0,car,0 days 00:00:23.644000,0 days 02:16:27.504000
2023-09-03 14:17:28.909,10927,305,8,100,False,0,car,0 days 00:00:24.004000,0 days 02:16:27.864000
2023-09-03 14:17:29.189,11042,308,8,100,False,0,car,0 days 00:00:24.284000,0 days 02:16:28.144000
2023-09-03 14:17:29.349,11095,309,8,100,False,0,car,0 days 00:00:24.444000,0 days 02:16:28.304000
2023-09-03 14:17:29.789,11182,312,8,100,False,0,car,0 days 00:00:24.884000,0 days 02:16:28.744000
2023-09-03 14:17:29.949,11208,313,8,100,False,0,car,0 days 00:00:25.044000,0 days 02:16:28.904000
2023-09-03 14:17:30.189,11270,315,8,100,False,0,car,0 days 00:00:25.284000,0 days 02:16:29.144000
2023-09-03 14:17:30.349,11297,316,8,100,False,0,car,0 days 00:00:25.444000,0 days 02:16:29.304000
2023-09-03 14:17:30.629,11341,318,8,100,False,0,car,0 days 00:00:25.724000,0 days 02:16:29.584000
2023-09-03 14:17:30.990,11392,320,8,100,False,0,car,0 days 00:00:26.085000,0 days 02:16:29.945000
2023-09-03 14:17:31.190,11446,321,8,99,False,0,car,0 days 00:00:26.285000,0 days 02:16:30.145000
2023-09-03 14:17:31.550,11527,323,8,99,False,0,car,0 days 00:00:26.645000,0 days 02:16:30.505000
2023-09-03 14:17:31.710,11553,324,8,99,False,0,car,0 days 00:00:26.805000,0 days 02:16:30.665000
2023-09-03 14:17:31.910,11601,325,8,99,False,0,car,0 days 00:00:27.005000,0 days 02:16:30.865000
2023-09-03 14:17:32.270,11656,327,8,99,False,0,car,0 days 00:00:27.365000,0 days 02:16:31.225000
2023-09-03 14:17:32.670,11725,329,8,99,False,0,car,0 days 00:00:27.765000,0 days 02:16:31.625000
2023-09-03 14:17:32.950,11776,329,8,99,False,0,car,0 days 00:00:28.045000,0 days 02:16:31.905000
2023-09-03 14:17:33.310,11787,331,8,99,False,0,car,0 days 00:00:28.405000,0 days 02:16:32.265000
2023-09-03 14:17:33.550,11832,332,8,99,False,0,car,0 days 00:00:28.645000,0 days 02:16:32.505000
2023-09-03 14:17:33.750,11460,328,8,5,True,0,car,0 days 00:00:28.845000,0 days 02:16:32.705000
2023-09-03 14:17:34.109,9986,293,8,0,True,0,car,0 days 00:00:29.204000,0 days 02:16:33.064000
2023-09-03 14:17:34.469,10575,231,7,0,True,0,car,0 days 00:00:29.564000,0 days 02:16:33.424000
2023-09-03 14:17:34.709,10952,211,7,0,True,0,car,0 days 00:00:29.804000,0 days 02:16:33.664000
2023-09-03 14:17:34.869,10046,193,5,0,True,0,car,0 days 00:00:29.964000,0 days 02:16:33.824000
2023-09-03 14:17:35.109,10552,174,4,0,True,0,car,0 days 00:00:30.204000,0 days 02:16:34.064000
2023-09-03 14:17:35.349,10620,156,4,0,True,0,car,0 days 00:00:30.444000,0 days 02:16:34.304000
2023-09-03 14:17:35.629,9384,139,3,0,True,0,car,0 days 00:00:30.724000,0 days 02:16:34.584000
2023-09-03 14:17:35.909,8536,122,3,0,True,0,car,0 days 00:00:31.004000,0 days 02:16:34.864000
2023-09-03 14:17:36.069,8230,115,3,0,True,0,car,0 days 00:00:31.164000,0 days 02:16:35.024000
2023-09-03 14:17:36.229,7834,111,3,0,True,0,car,0 days 00:00:31.324000,0 days 02:16:35.184000
2023-09-03 14:17:36.589,7368,100,3,0,True,0,car,0 days 00:00:31.684000,0 days 02:16:35.544000
2023-09-03 14:17:36.949,7341,97,3,28,False,0,car,0 days 00:00:32.044000,0 days 02:16:35.904000
2023-09-03 14:17:37.229,7734,99,3,39,False,0,car,0 days 00:00:32.324000,0 days 02:16:36.184000
2023-09-03 14:17:37.470,7938,103,3,53,False,0,car,0 days 00:00:32.565000,0 days 02:16:36.425000
2023-09-03 14:17:37.750,8459,108,3,51,False,0,car,0 days 00:00:32.845000,0 days 02:16:36.705000
2023-09-03 14:17:37.950,8435,110,3,41,False,0,car,0 days 00:00:33.045000,0 days 02:16:36.905000
2023-09-03 14:17:38.190,8259,114,3,43,False,0,car,0 days 00:00:33.285000,0 days 02:16:37.145000
2023-09-03 14:17:38.390,8668,113,3,52,False,0,car,0 days 00:00:33.485000,0 days 02:16:37.345000
2023-09-03 14:17:38.630,9206,115,3,58,False,0,car,0 days 00:00:33.725000,0 days 02:16:37.585000
2023-09-03 14:17:38.790,9508,119,3,68,False,0,car,0 days 00:00:33.885000,0 days 02:16:37.745000
2023-09-03 14:17:39.030,10035,126,3,73,False,0,car,0 days 00:00:34.125000,0 days 02:16:37.985000
2023-09-03 14:17:39.270,10502,137,3,78,False,0,car,0 days 00:00:34.365000,0 days 02:16:38.225000
2023-09-03 14:17:40.310,10401,175,4,100,False,0,car,0 days 00:00:35.405000,0 days 02:16:39.265000
2023-09-03 14:17:40.510,10153,184,5,100,False,0,car,0 days 00:00:35.605000,0 days 02:16:39.465000
2023-09-03 14:17:40.789,10739,195,5,100,False,0,car,0 days 00:00:35.884000,0 days 02:16:39.744000
2023-09-03 14:17:40.949,11022,199,5,100,False,0,car,0 days 00:00:36.044000,0 days 02:16:39.904000
2023-09-03 14:17:41.269,11564,211,5,100,False,0,car,0 days 00:00:36.364000,0 days 02:16:40.224000
2023-09-03 14:17:41.429,11687,215,5,100,False,0,car,0 days 00:00:36.524000,0 days 02:16:40.384000
2023-09-03 14:17:41.589,11865,221,5,100,False,0,car,0 days 00:00:36.684000,0 days 02:16:40.544000
2023-09-03 14:17:41.869,10605,227,5,100,False,0,car,0 days 00:00:36.964000,0 days 02:16:40.824000
2023-09-03 14:17:42.069,10647,231,6,100,False,0,car,0 days 00:00:37.164000,0 days 02:16:41.024000
2023-09-03 14:17:42.229,10836,233,6,100,False,0,car,0 days 00:00:37.324000,0 days 02:16:41.184000
2023-09-03 14:17:42.549,10942,237,6,100,False,0,car,0 days 00:00:37.644000,0 days 02:16:41.504000
2023-09-03 14:17:42.869,11125,242,6,100,False,0,car,0 days 00:00:37.964000,0 days 02:16:41.824000
2023-09-03 14:17:43.149,10684,243,6,12,True,0,car,0 days 00:00:38.244000,0 days 02:16:42.104000
2023-09-03 14:17:43.389,9619,225,6,5,True,0,car,0 days 00:00:38.484000,0 days 02:16:42.344000
2023-09-03 14:17:43.789,10006,198,5,6,True,0,car,0 days 00:00:38.884000,0 days 02:16:42.744000
2023-09-03 14:17:44.230,9143,181,5,7,True,0,car,0 days 00:00:39.325000,0 days 02:16:43.185000
2023-09-03 14:17:44.470,8968,171,5,7,True,0,car,0 days 00:00:39.565000,0 days 02:16:43.425000
2023-09-03 14:17:44.670,8860,167,5,5,False,0,car,0 days 00:00:39.765000,0 days 02:16:43.625000
2023-09-03 14:17:45.030,8619,164,5,1,False,0,car,0 days 00:00:40.125000,0 days 02:16:43.985000
2023-09-03 14:17:45.270,8703,161,5,58,False,0,car,0 days 00:00:40.365000,0 days 02:16:44.225000
2023-09-03 14:17:45.470,8834,163,5,63,False,0,car,0 days 00:00:40.565000,0 days 02:16:44.425000
2023-09-03 14:17:45.870,9229,168,5,73,False,0,car,0 days 00:00:40.965000,0 days 02:16:44.825000
2023-09-03 14:17:46.270,9872,174,5,87,False,0,car,0 days 00:00:41.365000,0 days 02:16:45.225000
2023-09-03 14:17:46.630,10615,186,5,100,False,0,car,0 days 00:00:41.725000,0 days 02:16:45.585000
2023-09-03 14:17:47.030,11004,200,5,100,False,0,car,0 days 00:00:42.125000,0 days 02:16:45.985000
2023-09-03 14:17:47.349,11556,209,5,100,False,0,car,0 days 00:00:42.444000,0 days 02:16:46.304000
2023-09-03 14:17:47.669,12030,221,5,100,False,0,car,0 days 00:00:42.764000,0 days 02:16:46.624000
2023-09-03 14:17:47.909,10680,223,5,100,False,0,car,0 days 00:00:43.004000,0 days 02:16:46.864000
2023-09-03 14:17:48.069,10676,231,6,100,False,0,car,0 days 00:00:43.164000,0 days 02:16:47.024000
2023-09-03 14:17:48.349,11066,237,6,100,False,0,car,0 days 00:00:43.444000,0 days 02:16:47.304000
2023-09-03 14:17:48.709,11447,246,6,100,False,0,car,0 days 00:00:43.804000,0 days 02:16:47.664000
2023-09-03 14:17:48.949,11662,251,6,100,False,0,car,0 days 00:00:44.044000,0 days 02:16:47.904000
2023-09-03 14:17:49.109,11943,254,6,99,False,0,car,0 days 00:00:44.204000,0 days 02:16:48.064000
2023-09-03 14:17:49.309,11237,243,6,1,True,0,car,0 days 00:00:44.404000,0 days 02:16:48.264000
2023-09-03 14:17:49.709,10802,203,5,0,True,0,car,0 days 00:00:44.804000,0 days 02:16:48.664000
2023-09-03 14:17:49.869,10242,189,5,0,True,0,car,0 days 00:00:44.964000,0 days 02:16:48.824000
2023-09-03 14:17:50.149,10562,179,5,0,True,0,car,0 days 00:00:45.244000,0 days 02:16:49.104000
2023-09-03 14:17:50.349,10311,170,4,2,True,0,car,0 days 00:00:45.444000,0 days 02:16:49.304000
2023-09-03 14:17:50.509,10171,165,4,3,False,0,car,0 days 00:00:45.604000,0 days 02:16:49.464000
2023-09-03 14:17:50.750,10000,162,4,15,False,0,car,0 days 00:00:45.845000,0 days 02:16:49.705000
2023-09-03 14:17:51.030,9764,157,4,13,False,0,car,0 days 00:00:46.125000,0 days 02:16:49.985000
2023-09-03 14:17:51.430,10114,155,4,59,False,0,car,0 days 00:00:46.525000,0 days 02:16:50.385000
2023-09-03 14:17:51.790,10548,162,4,74,False,0,car,0 days 00:00:46.885000,0 days 02:16:50.745000
2023-09-03 14:17:52.190,11518,175,4,100,False,0,car,0 days 00:00:47.285000,0 days 02:16:51.145000
2023-09-03 14:17:52.390,11706,182,4,100,False,0,car,0 days 00:00:47.485000,0 days 02:16:51.345000
2023-09-03 14:17:52.670,10392,195,5,100,False,0,car,0 days 00:00:47.765000,0 days 02:16:51.625000
2023-09-03 14:17:52.870,11162,202,5,100,False,0,car,0 days 00:00:47.965000,0 days 02:16:51.825000
2023-09-03 14:17:53.150,11373,208,5,100,False,0,car,0 days 00:00:48.245000,0 days 02:16:52.105000
2023-09-03 14:17:53.390,11891,218,5,100,False,0,car,0 days 00:00:48.485000,0 days 02:16:52.345000
2023-09-03 14:17:53.550,11933,220,5,100,False,0,car,0 days 00:00:48.645000,0 days 02:16:52.505000
2023-09-03 14:17:53.950,10894,232,6,100,False,0,car,0 days 00:00:49.045000,0 days 02:16:52.905000
2023-09-03 14:17:54.189,11173,239,6,100,False,8,car,0 days 00:00:49.284000,0 days 02:16:53.144000
2023-09-03 14:17:54.549,11527,247,6,100,False,14,car,0 days 00:00:49.644000,0 days 02:16:53.504000
2023-09-03 14:17:54.789,11770,254,6,100,False,14,car,0 days 00:00:49.884000,0 days 02:16:53.744000
2023-09-03 14:17:55.149,10642,260,6,100,False,12,car,0 days 00:00:50.244000,0 days 02:16:54.104000
2023-09-03 14:17:55.389,10797,265,7,100,False,12,car,0 days 00:00:50.484000,0 days 02:16:54.344000
2023-09-03 14:17:55.589,10986,270,7,100,False,12,car,0 days 00:00:50.684000,0 days 02:16:54.544000
2023-09-03 14:17:55.829,11225,275,7,100,False,12,car,0 days 00:00:50.924000,0 days 02:16:54.784000
2023-09-03 14:17:56.149,11403,281,7,100,False,12,car,0 days 00:00:51.244000,0 days 02:16:55.104000
2023-09-03 14:17:56.469,11643,287,7,100,False,12,car,0 days 00:00:51.564000,0 days 02:16:55.424000
2023-09-03 14:17:56.709,11675,290,7,100,False,12,car,0 days 00:00:51.804000,0 days 02:16:55.664000
2023-09-03 14:17:56.949,10699,292,7,100,False,12,car,0 days 00:00:52.044000,0 days 02:16:55.904000
2023-09-03 14:17:57.230,10678,296,8,100,False,12,car,0 days 00:00:52.325000,0 days 02:16:56.185000
2023-09-03 14:17:57.390,10740,300,8,100,False,12,car,0 days 00:00:52.485000,0 days 02:16:56.345000
2023-09-03 14:17:57.710,10897,302,8,100,False,12,car,0 days 00:00:52.805000,0 days 02:16:56.665000
2023-09-03 14:17:57.870,10897,306,8,100,False,12,car,0 days 00:00:52.965000,0 days 02:16:56.825000
2023-09-03 14:17:58.110,11079,308,8,99,False,12,car,0 days 00:00:53.205000,0 days 02:16:57.065000
2023-09-03 14:17:58.350,11166,310,8,99,False,12,car,0 days 00:00:53.445000,0 days 02:16:57.305000
2023-09-03 14:17:58.630,11206,314,8,100,False,12,car,0 days 00:00:53.725000,0 days 02:16:57.585000
2023-09-03 14:17:58.790,11237,316,8,99,False,12,car,0 days 00:00:53.885000,0 days 02:16:57.745000
2023-09-03 14:17:59.230,11380,318,8,99,False,12,car,0 days 00:00:54.325000,0 days 02:16:58.185000
2023-09-03 14:17:59.430,11389,319,8,99,False,12,car,0 days 00:00:54.525000,0 days 02:16:58.385000
2023-09-03 14:17:59.630,11484,321,8,99,False,12,car,0 days 00:00:54.725000,0 days 02:16:58.585000
2023-09-03 14:17:59.870,11467,322,8,99,False,12,car,0 days 00:00:54.965000,0 days 02:16:58.825000
2023-09-03 14:18:00.030,11452,322,8,99,False,12,car,0 days 00:00:55.125000,0 days 02:16:58.985000
2023-09-03 14:18:00.310,11611,325,8,99,False,12,car,0 days 00:00:55.405000,0 days 02:16:59.265000
2023-09-03 14:18:00.670,11563,324,8,99,False,12,car,0 days 00:00:55.765000,0 days 02:16:59.625000
2023-09-03 14:18:00.869,11653,325,8,99,False,12,car,0 days 00:00:55.964000,0 days 02:16:59.824000
2023-09-03 14:18:01.109,11621,326,8,99,False,12,car,0 days 00:00:56.204000,0 days 02:17:00.064000
2023-09-03 14:18:01.509,11568,327,8,99,False,12,car,0 days 00:00:56.604000,0 days 02:17:00.464000
2023-09-03 14:18:01.749,11558,326,8,99,False,12,car,0 days 00:00:56.844000,0 days 02:17:00.704000
2023-09-03 14:18:01.909,11545,326,8,99,False,12,car,0 days 00:00:57.004000,0 days 02:17:00.864000
2023-09-03 14:18:02.109,11742,324,8,99,False,12,car,0 days 00:00:57.204000,0 days 02:17:01.064000
2023-09-03 14:18:02.469,11480,324,8,99,False,12,car,0 days 00:00:57.564000,0 days 02:17:01.424000
2023-09-03 14:18:02.629,11480,322,8,99,False,12,car,0 days 00:00:57.724000,0 days 02:17:01.584000
2023-09-03 14:18:02.909,11480,322,8,99,False,12,car,0 days 00:00:58.004000,0 days 02:17:01.864000
2023-09-03 14:18:03.229,11389,322,8,99,False,12,car,0 days 00:00:58.324000,0 days 02:17:02.184000
2023-09-03 14:18:03.589,10709,316,8,13,True,0,car,0 days 00:00:58.684000,0 days 02:17:02.544000
2023-09-03 14:18:03.830,10328,279,8,0,True,0,car,0 days 00:00:58.925000,0 days 02:17:02.785000
2023-09-03 14:18:04.110,11077,241,8,0,True,0,car,0 days 00:00:59.205000,0 days 02:17:03.065000
2023-09-03 14:18:04.350,11020,221,6,0,True,0,car,0 days 00:00:59.445000,0 days 02:17:03.305000
2023-09-03 14:18:04.670,10238,195,5,0,True,0,car,0 days 00:00:59.765000,0 days 02:17:03.625000
2023-09-03 14:18:04.830,9756,190,5,0,True,0,car,0 days 00:00:59.925000,0 days 02:17:03.785000
2023-09-03 14:18:04.990,9523,183,5,0,True,0,car,0 days 00:01:00.085000,0 days 02:17:03.945000
2023-09-03 14:18:05.270,9644,175,5,12,False,0,car,0 days 00:01:00.365000,0 days 02:17:04.225000
2023-09-03 14:18:05.550,9365,176,5,34,False,0,car,0 days 00:01:00.645000,0 days 02:17:04.505000
2023-09-03 14:18:05.950,9377,171,5,62,False,0,car,0 days 00:01:01.045000,0 days 02:17:04.905000
2023-09-03 14:18:06.110,9639,174,5,74,False,0,car,0 days 00:01:01.205000,0 days 02:17:05.065000
2023-09-03 14:18:06.310,9812,181,5,80,False,0,car,0 days 00:01:01.405000,0 days 02:17:05.265000
2023-09-03 14:18:06.630,10177,186,5,76,False,0,car,0 days 00:01:01.725000,0 days 02:17:05.585000
2023-09-03 14:18:06.950,10521,191,5,74,False,0,car,0 days 00:01:02.045000,0 days 02:17:05.905000
2023-09-03 14:18:07.110,10482,193,5,72,False,0,car,0 days 00:01:02.205000,0 days 02:17:06.065000
2023-09-03 14:18:07.549,11139,200,5,77,False,0,car,0 days 00:01:02.644000,0 days 02:17:06.504000
2023-09-03 14:18:07.949,11234,207,5,99,False,0,car,0 days 00:01:03.044000,0 days 02:17:06.904000
2023-09-03 14:18:08.189,11725,217,5,99,False,0,car,0 days 00:01:03.284000,0 days 02:17:07.144000
2023-09-03 14:18:08.429,10417,223,6,99,False,0,car,0 days 00:01:03.524000,0 days 02:17:07.384000
2023-09-03 14:18:08.629,10560,227,6,99,False,0,car,0 days 00:01:03.724000,0 days 02:17:07.584000
2023-09-03 14:18:08.909,11154,233,6,99,False,0,car,0 days 00:01:04.004000,0 days 02:17:07.864000
2023-09-03 14:18:09.109,11354,234,6,99,False,0,car,0 days 00:01:04.204000,0 days 02:17:08.064000
2023-09-03 14:18:09.469,11467,241,6,99,False,0,car,0 days 00:01:04.564000,0 days 02:17:08.424000
2023-09-03 14:18:09.869,11363,254,6,99,False,0,car,0 days 00:01:04.964000,0 days 02:17:08.824000
2023-09-03 14:18:10.029,11083,254,6,99,False,0,car,0 days 00:01:05.124000,0 days 02:17:08.984000
2023-09-03 14:18:10.269,10683,260,7,100,False,0,car,0 days 00:01:05.364000,0 days 02:17:09.224000
2023-09-03 14:18:10.430,10648,263,7,99,False,0,car,0 days 00:01:05.525000,0 days 02:17:09.385000
2023-09-03 14:18:10.590,10648,265,7,99,False,0,car,0 days 00:01:05.685000,0 days 02:17:09.545000
2023-09-03 14:18:10.910,10847,268,7,99,False,0,car,0 days 00:01:06.005000,0 days 02:17:09.865000
2023-09-03 14:18:11.190,10816,271,7,99,False,0,car,0 days 00:01:06.285000,0 days 02:17:10.145000
2023-09-03 14:18:11.390,11080,276,7,99,False,0,car,0 days 00:01:06.485000,0 days 02:17:10.345000
2023-09-03 14:18:11.630,11256,279,7,99,False,0,car,0 days 00:01:06.725000,0 days 02:17:10.585000
2023-09-03 14:18:11.910,11678,288,7,99,False,0,car,0 days 00:01:07.005000,0 days 02:17:10.865000
2023-09-03 14:18:12.390,10411,293,7,99,False,0,car,0 days 00:01:07.485000,0 days 02:17:11.345000
2023-09-03 14:18:12.550,10596,296,7,99,False,0,car,0 days 00:01:07.645000,0 days 02:17:11.505000
2023-09-03 14:18:12.990,10731,300,8,99,False,0,car,0 days 00:01:08.085000,0 days 02:17:11.945000
2023-09-03 14:18:13.310,10843,303,8,99,False,0,car,0 days 00:01:08.405000,0 days 02:17:12.265000
2023-09-03 14:18:13.470,10904,304,8,99,False,0,car,0 days 00:01:08.565000,0 days 02:17:12.425000
2023-09-03 14:18:13.670,10985,307,8,99,False,0,car,0 days 00:01:08.765000,0 days 02:17:12.625000
2023-09-03 14:18:14.030,11092,310,8,99,False,0,car,0 days 00:01:09.125000,0 days 02:17:12.985000
2023-09-03 14:18:14.429,11191,312,8,99,False,0,car,0 days 00:01:09.524000,0 days 02:17:13.384000
2023-09-03 14:18:14.869,11261,317,8,99,False,0,car,0 days 00:01:09.964000,0 days 02:17:13.824000
2023-09-03 14:18:15.269,11332,318,8,99,False,0,car,0 days 00:01:10.364000,0 days 02:17:14.224000
2023-09-03 14:18:15.589,11420,320,8,99,False,0,car,0 days 00:01:10.684000,0 days 02:17:14.544000
2023-09-03 14:18:15.949,11470,321,8,99,False,0,car,0 days 00:01:11.044000,0 days 02:17:14.904000
2023-09-03 14:18:16.189,11505,323,8,99,False,0,car,0 days 00:01:11.284000,0 days 02:17:15.144000
2023-09-03 14:18:16.469,11505,323,8,99,False,0,car,0 days 00:01:11.564000,0 days 02:17:15.424000
2023-09-03 14:18:16.749,11578,324,8,99,False,0,car,0 days 00:01:11.844000,0 days 02:17:15.704000
2023-09-03 14:18:16.950,11649,326,8,99,False,0,car,0 days 00:01:12.045000,0 days 02:17:15.905000
2023-09-03 14:18:17.270,11747,330,8,99,False,0,car,0 days 00:01:12.365000,0 days 02:17:16.225000
2023-09-03 14:18:17.590,11776,331,8,99,False,0,car,0 days 00:01:12.685000,0 days 02:17:16.545000
2023-09-03 14:18:17.750,11801,331,8,99,False,0,car,0 days 00:01:12.845000,0 days 02:17:16.705000
2023-09-03 14:18:17.950,11801,332,8,99,False,0,car,0 days 00:01:13.045000,0 days 02:17:16.905000
2023-09-03 14:18:18.230,11825,332,8,99,False,0,car,0 days 00:01:13.325000,0 days 02:17:17.185000
2023-09-03 14:18:18.550,11897,333,8,99,False,0,car,0 days 00:01:13.645000,0 days 02:17:17.505000
2023-09-03 14:18:18.710,11899,334,8,99,False,0,car,0 days 00:01:13.805000,0 days 02:17:17.665000
2023-09-03 14:18:19.070,11945,334,8,99,False,0,car,0 days 00:01:14.165000,0 days 02:17:18.025000
2023-09-03 14:18:19.430,11291,330,8,21,True,0,car,0 days 00:01:14.525000,0 days 02:17:18.385000
2023-09-03 14:18:19.630,10449,301,8,0,True,0,car,0 days 00:01:14.725000,0 days 02:17:18.585000
2023-09-03 14:18:19.830,10999,274,7,0,True,0,car,0 days 00:01:14.925000,0 days 02:17:18.785000
2023-09-03 14:18:20.909,10251,201,5,5,True,0,car,0 days 00:01:16.004000,0 days 02:17:19.864000
2023-09-03 14:18:21.309,9770,187,5,8,True,0,car,0 days 00:01:16.404000,0 days 02:17:20.264000
2023-09-03 14:18:21.469,9497,185,5,10,True,0,car,0 days 00:01:16.564000,0 days 02:17:20.424000
2023-09-03 14:18:21.709,9488,180,5,13,False,0,car,0 days 00:01:16.804000,0 days 02:17:20.664000
2023-09-03 14:18:22.189,9663,179,5,62,False,0,car,0 days 00:01:17.284000,0 days 02:17:21.144000
2023-09-03 14:18:22.429,9874,181,5,68,False,0,car,0 days 00:01:17.524000,0 days 02:17:21.384000
2023-09-03 14:18:22.629,10091,184,5,77,False,0,car,0 days 00:01:17.724000,0 days 02:17:21.584000
2023-09-03 14:18:22.949,10262,188,5,81,False,0,car,0 days 00:01:18.044000,0 days 02:17:21.904000
2023-09-03 14:18:23.229,10667,194,5,78,False,0,car,0 days 00:01:18.324000,0 days 02:17:22.184000
2023-09-03 14:18:23.469,10957,199,5,85,False,0,car,0 days 00:01:18.564000,0 days 02:17:22.424000
2023-09-03 14:18:23.750,11289,204,5,91,False,0,car,0 days 00:01:18.845000,0 days 02:17:22.705000
2023-09-03 14:18:23.910,11554,210,5,99,False,0,car,0 days 00:01:19.005000,0 days 02:17:22.865000
2023-09-03 14:18:24.230,11963,218,5,100,False,0,car,0 days 00:01:19.325000,0 days 02:17:23.185000
2023-09-03 14:18:24.470,10789,226,5,100,False,0,car,0 days 00:01:19.565000,0 days 02:17:23.425000
2023-09-03 14:18:24.630,10789,228,6,100,False,0,car,0 days 00:01:19.725000,0 days 02:17:23.585000
2023-09-03 14:18:24.790,10789,234,6,100,False,0,car,0 days 00:01:19.885000,0 days 02:17:23.745000
2023-09-03 14:18:24.990,10988,238,6,100,False,0,car,0 days 00:01:20.085000,0 days 02:17:23.945000
2023-09-03 14:18:25.190,11243,243,6,100,False,0,car,0 days 00:01:20.285000,0 days 02:17:24.145000
2023-09-03 14:18:25.390,11444,248,6,100,False,0,car,0 days 00:01:20.485000,0 days 02:17:24.345000
2023-09-03 14:18:25.710,11784,253,6,100,False,0,car,0 days 00:01:20.805000,0 days 02:17:24.665000
2023-09-03 14:18:25.950,11551,257,6,100,False,0,car,0 days 00:01:21.045000,0 days 02:17:24.905000
2023-09-03 14:18:26.310,10324,264,7,100,False,0,car,0 days 00:01:21.405000,0 days 02:17:25.265000
2023-09-03 14:18:26.710,11056,272,7,100,False,0,car,0 days 00:01:21.805000,0 days 02:17:25.665000
2023-09-03 14:18:26.870,11095,275,7,100,False,0,car,0 days 00:01:21.965000,0 days 02:17:25.825000
2023-09-03 14:18:27.030,11236,277,7,100,False,0,car,0 days 00:01:22.125000,0 days 02:17:25.985000
2023-09-03 14:18:27.310,11441,282,7,100,False,0,car,0 days 00:01:22.405000,0 days 02:17:26.265000
2023-09-03 14:18:27.669,11584,285,7,99,False,0,car,0 days 00:01:22.764000,0 days 02:17:26.624000
2023-09-03 14:18:27.949,11745,290,7,100,False,0,car,0 days 00:01:23.044000,0 days 02:17:26.904000
2023-09-03 14:18:28.349,10764,293,8,100,False,0,car,0 days 00:01:23.444000,0 days 02:17:27.304000
2023-09-03 14:18:28.509,10710,298,8,99,False,8,car,0 days 00:01:23.604000,0 days 02:17:27.464000
2023-09-03 14:18:28.949,10745,302,8,99,False,8,car,0 days 00:01:24.044000,0 days 02:17:27.904000
2023-09-03 14:18:29.149,10940,304,8,100,False,8,car,0 days 00:01:24.244000,0 days 02:17:28.104000
2023-09-03 14:18:29.429,10973,306,8,100,False,8,car,0 days 00:01:24.524000,0 days 02:17:28.384000
2023-09-03 14:18:29.669,11032,309,8,99,False,8,car,0 days 00:01:24.764000,0 days 02:17:28.624000
2023-09-03 14:18:29.949,11114,311,8,100,False,8,car,0 days 00:01:25.044000,0 days 02:17:28.904000
2023-09-03 14:18:30.190,11114,313,8,100,False,8,car,0 days 00:01:25.285000,0 days 02:17:29.145000
